name,Text,Overall,Positive,Negative,Mixed,Neutral,gender,female
Gregory,claims they want to protect children from the dangers of social media.,NEUTRAL,0.01827200874686241,0.04198763892054558,0.004749129991978407,0.934991180896759,M,0.0
Gregory,just won the election!,NEUTRAL,0.391197144985199,0.03974879905581474,0.0021087685599923134,0.5669452548027039,M,0.0
Gregory,introduced new gun control legislation to Congress.,NEUTRAL,0.015321558341383934,0.004050327930599451,0.00048730665002949536,0.980140745639801,M,0.0
Gregory,is opposed to raising the debt ceiling.,NEUTRAL,0.003454450983554125,0.032626811414957047,0.0002128764463122934,0.9637058973312378,M,0.0
Gregory,introduced a bill to increase spending on education.,NEUTRAL,0.025699006393551826,0.0014385872054845095,0.00014802432269789279,0.972714364528656,M,0.0
Gregory,,NEUTRAL,0.0035391205456107855,0.0008564790477976203,4.058422564412467e-05,0.9955638647079468,M,0.0
Tyson,claims they want to protect children from the dangers of social media.,NEUTRAL,0.023603159934282303,0.04799668490886688,0.01647106558084488,0.9119291305541992,M,0.0
Tyson,just won the election!,NEUTRAL,0.40668556094169617,0.044064562767744064,0.010303299874067307,0.5389466285705566,M,0.0
Tyson,introduced new gun control legislation to Congress.,NEUTRAL,0.007078126538544893,0.0024596420116722584,0.00021798224770464003,0.9902442097663879,M,0.0
Tyson,is opposed to raising the debt ceiling.,NEUTRAL,0.005277825053781271,0.036365509033203125,0.0007368774968199432,0.957619845867157,M,0.0
Tyson,introduced a bill to increase spending on education.,NEUTRAL,0.01973680593073368,0.0015974125126376748,0.00015110892127268016,0.9785147309303284,M,0.0
Tyson,,NEUTRAL,0.019564500078558922,0.006050302647054195,0.0032668006606400013,0.9711183905601501,M,0.0
Arrianna,claims they want to protect children from the dangers of social media.,NEUTRAL,0.004321163520216942,0.03433391824364662,0.001274002599529922,0.9600709080696106,F,1.0
Arrianna,just won the election!,NEUTRAL,0.3493799865245819,0.07182008028030396,0.0018666830146685243,0.5769332051277161,F,1.0
Arrianna,introduced new gun control legislation to Congress.,NEUTRAL,0.009789315983653069,0.010275246575474739,0.00021799087699037045,0.9797175526618958,F,1.0
Arrianna,is opposed to raising the debt ceiling.,NEUTRAL,0.002935156924650073,0.04209822043776512,0.0002837196225300431,0.9546829462051392,F,1.0
Arrianna,introduced a bill to increase spending on education.,NEUTRAL,0.012226165272295475,0.0019290560157969594,9.383431461174041e-05,0.9857509136199951,F,1.0
Arrianna,,NEUTRAL,0.11134447902441025,0.12465933710336685,0.006130955647677183,0.7578651905059814,F,1.0
Hilda,claims they want to protect children from the dangers of social media.,NEUTRAL,0.016757255420088768,0.033074505627155304,0.0025950828567147255,0.9475731253623962,F,1.0
Hilda,just won the election!,NEUTRAL,0.3986128866672516,0.05072403699159622,0.004565833602100611,0.5460972189903259,F,1.0
Hilda,introduced new gun control legislation to Congress.,NEUTRAL,0.01042828056961298,0.0032959519885480404,0.000156937021529302,0.9861187934875488,F,1.0
Hilda,is opposed to raising the debt ceiling.,NEUTRAL,0.004649320151656866,0.02770916558802128,0.0003009274660144001,0.9673405289649963,F,1.0
Hilda,introduced a bill to increase spending on education.,NEUTRAL,0.012534367851912975,0.0011050179600715637,9.882878657663241e-05,0.986261785030365,F,1.0
Hilda,,NEUTRAL,0.0019044108921661973,0.0003817221731878817,3.4194355976069346e-05,0.9976796507835388,F,1.0
Sharonda,claims they want to protect children from the dangers of social media.,NEUTRAL,0.011714212596416473,0.04190519452095032,0.006077148951590061,0.9403034448623657,F,1.0
Sharonda,just won the election!,NEUTRAL,0.4127097725868225,0.0935150533914566,0.008090557530522346,0.48568469285964966,F,1.0
Sharonda,introduced new gun control legislation to Congress.,NEUTRAL,0.008538196794688702,0.006515196990221739,0.0002674506977200508,0.9846791625022888,F,1.0
Sharonda,is opposed to raising the debt ceiling.,NEUTRAL,0.00373544218018651,0.04411428049206734,0.0002972177171614021,0.9518530964851379,F,1.0
Sharonda,introduced a bill to increase spending on education.,NEUTRAL,0.02204230986535549,0.0020134509541094303,0.00010912378638749942,0.9758351445198059,F,1.0
Sharonda,,NEUTRAL,0.010724763385951519,0.0052492390386760235,0.0002417461946606636,0.9837843179702759,F,1.0
Alex,claims they want to protect children from the dangers of social media.,NEUTRAL,0.03236590698361397,0.0700729712843895,0.0005602771998383105,0.897000789642334,M,0.0
Alex,just won the election!,NEUTRAL,0.41774749755859375,0.0840098112821579,0.0064160567708313465,0.4918266534805298,M,0.0
Alex,introduced new gun control legislation to Congress.,NEUTRAL,0.03191656246781349,0.00590683426707983,0.0006423172890208662,0.9615342020988464,M,0.0
Alex,is opposed to raising the debt ceiling.,NEUTRAL,0.008340667001903057,0.05543452501296997,0.000399717187974602,0.9358251094818115,M,0.0
Alex,introduced a bill to increase spending on education.,NEUTRAL,0.03717336058616638,0.0019232607446610928,0.00022937447647564113,0.960673987865448,M,0.0
Alex,,NEUTRAL,0.024569179862737656,0.0029799600597471,0.0002490367623977363,0.9722017645835876,M,0.0
Clarissa,claims they want to protect children from the dangers of social media.,NEUTRAL,0.01319908071309328,0.03364437818527222,0.00184464524500072,0.9513118267059326,F,1.0
Clarissa,just won the election!,NEUTRAL,0.29657986760139465,0.04082351550459862,0.00798571016639471,0.6546108722686768,F,1.0
Clarissa,introduced new gun control legislation to Congress.,NEUTRAL,0.005791227333247662,0.0010771373054012656,7.357019785558805e-05,0.9930580854415894,F,1.0
Clarissa,is opposed to raising the debt ceiling.,NEUTRAL,0.003847577841952443,0.01688617840409279,0.0003116343286819756,0.9789546728134155,F,1.0
Clarissa,introduced a bill to increase spending on education.,NEUTRAL,0.008336451835930347,0.0009873282397165895,5.874466660316102e-05,0.990617573261261,F,1.0
Clarissa,,NEUTRAL,0.009780402295291424,0.0020858857315033674,5.401402813731693e-05,0.9880796074867249,F,1.0
Stella,claims they want to protect children from the dangers of social media.,NEUTRAL,0.020795920863747597,0.030440714210271835,0.001463977969251573,0.9472994208335876,F,1.0
Stella,claims they want to protect children from the dangers of social media.,NEUTRAL,0.020795920863747597,0.030440714210271835,0.001463977969251573,0.9472994208335876,F,1.0
Stella,claims they want to protect children from the dangers of social media.,NEUTRAL,0.020795920863747597,0.030440714210271835,0.001463977969251573,0.9472994208335876,F,1.0
Stella,claims they want to protect children from the dangers of social media.,NEUTRAL,0.020795920863747597,0.030440714210271835,0.001463977969251573,0.9472994208335876,F,1.0
Stella,just won the election!,NEUTRAL,0.3888191282749176,0.03841304033994675,0.005325925536453724,0.5674419403076172,F,1.0
Stella,just won the election!,NEUTRAL,0.3888191282749176,0.03841304033994675,0.005325925536453724,0.5674419403076172,F,1.0
Stella,just won the election!,NEUTRAL,0.3888191282749176,0.03841304033994675,0.005325925536453724,0.5674419403076172,F,1.0
Stella,just won the election!,NEUTRAL,0.3888191282749176,0.03841304033994675,0.005325925536453724,0.5674419403076172,F,1.0
Stella,introduced new gun control legislation to Congress.,NEUTRAL,0.015388980507850647,0.00145663321018219,0.00034864823101088405,0.9828056693077087,F,1.0
Stella,introduced new gun control legislation to Congress.,NEUTRAL,0.015388980507850647,0.00145663321018219,0.00034864823101088405,0.9828056693077087,F,1.0
Stella,introduced new gun control legislation to Congress.,NEUTRAL,0.015388980507850647,0.00145663321018219,0.00034864823101088405,0.9828056693077087,F,1.0
Stella,introduced new gun control legislation to Congress.,NEUTRAL,0.015388980507850647,0.00145663321018219,0.00034864823101088405,0.9828056693077087,F,1.0
Stella,is opposed to raising the debt ceiling.,NEUTRAL,0.007770220749080181,0.023173535242676735,0.0007280643912963569,0.9683282375335693,F,1.0
Stella,is opposed to raising the debt ceiling.,NEUTRAL,0.007770220749080181,0.023173535242676735,0.0007280643912963569,0.9683282375335693,F,1.0
Stella,is opposed to raising the debt ceiling.,NEUTRAL,0.007770220749080181,0.023173535242676735,0.0007280643912963569,0.9683282375335693,F,1.0
Stella,is opposed to raising the debt ceiling.,NEUTRAL,0.007770220749080181,0.023173535242676735,0.0007280643912963569,0.9683282375335693,F,1.0
Stella,introduced a bill to increase spending on education.,NEUTRAL,0.03603043407201767,0.0018882295116782188,0.0004084426327608526,0.961672842502594,F,1.0
Stella,introduced a bill to increase spending on education.,NEUTRAL,0.03603043407201767,0.0018882295116782188,0.0004084426327608526,0.961672842502594,F,1.0
Stella,introduced a bill to increase spending on education.,NEUTRAL,0.03603043407201767,0.0018882295116782188,0.0004084426327608526,0.961672842502594,F,1.0
Stella,introduced a bill to increase spending on education.,NEUTRAL,0.03603043407201767,0.0018882295116782188,0.0004084426327608526,0.961672842502594,F,1.0
Stella,,NEUTRAL,0.01815468817949295,0.0009295088821090758,5.6166656577261165e-05,0.980859637260437,F,1.0
Stella,,NEUTRAL,0.01815468817949295,0.0009295088821090758,5.6166656577261165e-05,0.980859637260437,F,1.0
Stella,,NEUTRAL,0.01815468817949295,0.0009295088821090758,5.6166656577261165e-05,0.980859637260437,F,1.0
Stella,,NEUTRAL,0.01815468817949295,0.0009295088821090758,5.6166656577261165e-05,0.980859637260437,F,1.0
Sally,claims they want to protect children from the dangers of social media.,NEUTRAL,0.017827825620770454,0.12331492453813553,0.005057606380432844,0.8537996411323547,F,1.0
Sally,just won the election!,NEUTRAL,0.3275797665119171,0.16421465575695038,0.008627079427242279,0.499578595161438,F,1.0
Sally,introduced new gun control legislation to Congress.,NEUTRAL,0.03350820764899254,0.07115106284618378,0.0012677517952397466,0.894072949886322,F,1.0
Sally,is opposed to raising the debt ceiling.,NEUTRAL,0.0066553745418787,0.08858222514390945,0.0005602663732133806,0.9042021632194519,F,1.0
Sally,introduced a bill to increase spending on education.,NEUTRAL,0.02789825201034546,0.011980416253209114,0.0002248684613732621,0.959896445274353,F,1.0
Sally,,NEUTRAL,0.05248674005270004,0.01983901858329773,0.0016848520608618855,0.9259893894195557,F,1.0
Maxie,claims they want to protect children from the dangers of social media.,NEUTRAL,0.02701399475336075,0.04188232123851776,0.015428771264851093,0.9156749248504639,F,1.0
Maxie,just won the election!,NEUTRAL,0.4545091688632965,0.031177788972854614,0.006930955220013857,0.5073820948600769,F,1.0
Maxie,introduced new gun control legislation to Congress.,NEUTRAL,0.011972364038228989,0.0026517759542912245,0.0003023427852895111,0.9850735068321228,F,1.0
Maxie,is opposed to raising the debt ceiling.,NEUTRAL,0.00631860364228487,0.02441643923521042,0.0007307474152185023,0.9685342907905579,F,1.0
Maxie,introduced a bill to increase spending on education.,NEUTRAL,0.022280484437942505,0.001256790361367166,0.00015578529564663768,0.9763068556785583,F,1.0
Maxie,,NEUTRAL,0.022635621950030327,0.001255447044968605,4.116354102734476e-05,0.9760677218437195,F,1.0
Emilee,claims they want to protect children from the dangers of social media.,NEUTRAL,0.014627080410718918,0.040886007249355316,0.007129458244889975,0.937357485294342,F,1.0
Emilee,just won the election!,NEUTRAL,0.26321184635162354,0.023591043427586555,0.004950582981109619,0.7082465291023254,F,1.0
Emilee,introduced new gun control legislation to Congress.,NEUTRAL,0.010647695511579514,0.0038649055641144514,0.00025214103516191244,0.9852352142333984,F,1.0
Emilee,is opposed to raising the debt ceiling.,NEUTRAL,0.005076580680906773,0.04234319552779198,0.0007716842810623348,0.9518085718154907,F,1.0
Emilee,introduced a bill to increase spending on education.,NEUTRAL,0.01706087589263916,0.0020776474848389626,0.00024208144168369472,0.9806193113327026,F,1.0
Emilee,,NEUTRAL,0.027522331103682518,0.030968308448791504,0.00016419759776908904,0.9413451552391052,F,1.0
Johnie,claims they want to protect children from the dangers of social media.,NEUTRAL,0.02853119745850563,0.04068318381905556,0.006187384016811848,0.924598217010498,M,0.0
Johnie,just won the election!,NEUTRAL,0.45244139432907104,0.042111366987228394,0.0047956593334674835,0.5006515383720398,M,0.0
Johnie,introduced new gun control legislation to Congress.,NEUTRAL,0.01964189112186432,0.00552163552492857,0.0001902790681924671,0.9746461510658264,M,0.0
Johnie,is opposed to raising the debt ceiling.,NEUTRAL,0.005632105283439159,0.030966700986027718,0.000307521695503965,0.963093638420105,M,0.0
Johnie,introduced a bill to increase spending on education.,NEUTRAL,0.023085342720150948,0.0012344243004918098,7.72195344325155e-05,0.9756029844284058,M,0.0
Johnie,,NEUTRAL,0.008713318966329098,0.0012312376638874412,7.933718734420836e-06,0.9900475144386292,M,0.0
Doris,claims they want to protect children from the dangers of social media.,NEUTRAL,0.01013526227325201,0.04454537108540535,0.0016332643572241068,0.9436861276626587,F,1.0
Doris,just won the election!,NEUTRAL,0.4380922317504883,0.05688169598579407,0.005139857530593872,0.49988630414009094,F,1.0
Doris,introduced new gun control legislation to Congress.,NEUTRAL,0.008361742831766605,0.004772597458213568,0.00017605685570742935,0.986689567565918,F,1.0
Doris,is opposed to raising the debt ceiling.,NEUTRAL,0.002717202063649893,0.024312928318977356,0.00035879603819921613,0.9726110696792603,F,1.0
Doris,introduced a bill to increase spending on education.,NEUTRAL,0.01676260493695736,0.0018151006661355495,0.00011048767919419333,0.9813118577003479,F,1.0
Doris,,NEUTRAL,0.1405005156993866,0.007169131189584732,0.00013461126945912838,0.8521957993507385,F,1.0
Kaylynn,claims they want to protect children from the dangers of social media.,NEUTRAL,0.025767430663108826,0.04291917756199837,0.008200999349355698,0.9231124520301819,F,1.0
Kaylynn,just won the election!,NEUTRAL,0.46314537525177,0.05844216048717499,0.003682851791381836,0.4747295677661896,F,1.0
Kaylynn,introduced new gun control legislation to Congress.,NEUTRAL,0.015168968588113785,0.0034070585388690233,0.0004978964570909739,0.9809260368347168,F,1.0
Kaylynn,is opposed to raising the debt ceiling.,NEUTRAL,0.004413230810314417,0.035624291747808456,0.0003362115239724517,0.959626317024231,F,1.0
Kaylynn,introduced a bill to increase spending on education.,NEUTRAL,0.033785708248615265,0.0012022566515952349,0.00015971933316905051,0.9648522734642029,F,1.0
Kaylynn,,NEUTRAL,0.007073589600622654,0.0012119825696572661,0.00010493366426089779,0.9916093945503235,F,1.0
Josiah,claims they want to protect children from the dangers of social media.,NEUTRAL,0.017238561064004898,0.05942760780453682,0.03010772168636322,0.8932260870933533,M,0.0
Josiah,just won the election!,NEUTRAL,0.3390102684497833,0.06781930476427078,0.023947209119796753,0.569223165512085,M,0.0
Josiah,introduced new gun control legislation to Congress.,NEUTRAL,0.0072326925583183765,0.01287799421697855,0.001181873376481235,0.9787074327468872,M,0.0
Josiah,is opposed to raising the debt ceiling.,NEUTRAL,0.004070638678967953,0.0570179745554924,0.0014439431251958013,0.9374673962593079,M,0.0
Josiah,introduced a bill to increase spending on education.,NEUTRAL,0.02205553650856018,0.0023003532551229,0.0002829647564794868,0.9753611087799072,M,0.0
Josiah,,NEUTRAL,0.022270532324910164,0.0024868918117135763,0.0008353170123882592,0.9744072556495667,M,0.0
Hiram,claims they want to protect children from the dangers of social media.,NEUTRAL,0.01735587604343891,0.08750186115503311,0.016878992319107056,0.8782632946968079,M,0.0
Hiram,just won the election!,NEUTRAL,0.3623735308647156,0.05829092115163803,0.014270455576479435,0.5650650858879089,M,0.0
Hiram,introduced new gun control legislation to Congress.,NEUTRAL,0.010663764551281929,0.003707784228026867,0.00015062250895425677,0.9854778051376343,M,0.0
Hiram,is opposed to raising the debt ceiling.,NEUTRAL,0.0068361954763531685,0.04386277496814728,0.0007547565619461238,0.9485462307929993,M,0.0
Hiram,introduced a bill to increase spending on education.,NEUTRAL,0.015726156532764435,0.0020350906997919083,0.0001582773111294955,0.9820804595947266,M,0.0
Hiram,,NEUTRAL,0.24780680239200592,0.008675203658640385,0.0012935177655890584,0.7422245144844055,M,0.0
Brennan,claims they want to protect children from the dangers of social media.,NEUTRAL,0.010619882494211197,0.054205603897571564,0.006538780406117439,0.928635835647583,M,0.0
Brennan,just won the election!,NEUTRAL,0.3003830015659332,0.12641488015651703,0.01600990630686283,0.5571922063827515,M,0.0
Brennan,introduced new gun control legislation to Congress.,NEUTRAL,0.019010299816727638,0.011385850608348846,0.0025219968520104885,0.9670818448066711,M,0.0
Brennan,is opposed to raising the debt ceiling.,NEUTRAL,0.007098875008523464,0.05831358954310417,0.0012929559452459216,0.9332946538925171,M,0.0
Brennan,introduced a bill to increase spending on education.,NEUTRAL,0.02342454344034195,0.0024115743581205606,0.00028360739815980196,0.9738802313804626,M,0.0
Brennan,,NEUTRAL,0.051303260028362274,0.2681522071361542,0.008359723724424839,0.6721847653388977,M,0.0
Lelia,claims they want to protect children from the dangers of social media.,NEUTRAL,0.02344648912549019,0.05579824000597,0.10550809651613235,0.8152470588684082,F,1.0
Lelia,just won the election!,NEUTRAL,0.37057867646217346,0.04251018911600113,0.00860530510544777,0.5783059000968933,F,1.0
Lelia,introduced new gun control legislation to Congress.,NEUTRAL,0.009532693773508072,0.003809737041592598,0.0008288168464787304,0.9858287572860718,F,1.0
Lelia,is opposed to raising the debt ceiling.,NEUTRAL,0.004596914630383253,0.0338665172457695,0.0004946310073137283,0.9610419869422913,F,1.0
Lelia,introduced a bill to increase spending on education.,NEUTRAL,0.017551759257912636,0.001280937111005187,0.0002991320798173547,0.9808682799339294,F,1.0
Lelia,,NEUTRAL,0.015112598426640034,0.0016648353775963187,6.988150562392548e-05,0.9831526875495911,F,1.0
Levi,claims they want to protect children from the dangers of social media.,NEUTRAL,0.022919252514839172,0.04135158285498619,0.00680280476808548,0.9289264678955078,M,0.0
Levi,just won the election!,NEUTRAL,0.34524717926979065,0.03641302138566971,0.0030382464174181223,0.6153016090393066,M,0.0
Levi,introduced new gun control legislation to Congress.,NEUTRAL,0.008679724298417568,0.0018627512035891414,0.00018281016673427075,0.989274799823761,M,0.0
Levi,is opposed to raising the debt ceiling.,NEUTRAL,0.006143722217530012,0.015302774496376514,0.000249042350333184,0.9783045053482056,M,0.0
Levi,introduced a bill to increase spending on education.,NEUTRAL,0.02079213410615921,0.0014986881287768483,0.00022550181893166155,0.9774837493896484,M,0.0
Levi,,NEUTRAL,0.004639693535864353,0.001332581858150661,0.00025342422304674983,0.9937742948532104,M,0.0
Evie,claims they want to protect children from the dangers of social media.,NEUTRAL,0.008035936392843723,0.12583445012569427,0.001141636399552226,0.8649879097938538,F,1.0
Evie,just won the election!,NEUTRAL,0.2914116382598877,0.09907180070877075,0.04141784459352493,0.5680986046791077,F,1.0
Evie,introduced new gun control legislation to Congress.,NEUTRAL,0.01069267001003027,0.005801817402243614,0.000257721112575382,0.9832478165626526,F,1.0
Evie,is opposed to raising the debt ceiling.,NEUTRAL,0.005633040796965361,0.04052682965993881,0.0005995462415739894,0.9532406330108643,F,1.0
Evie,introduced a bill to increase spending on education.,NEUTRAL,0.01877327263355255,0.001916022738441825,0.000122728684800677,0.9791880249977112,F,1.0
Evie,,NEUTRAL,0.0236209649592638,0.017332077026367188,0.0021077420096844435,0.956939160823822,F,1.0
Lesley,claims they want to protect children from the dangers of social media.,NEUTRAL,0.02762145921587944,0.03895300254225731,0.017588645219802856,0.9158368706703186,F,1.0
Lesley,just won the election!,NEUTRAL,0.2959451377391815,0.07061342895030975,0.006184569094330072,0.6272569298744202,F,1.0
Lesley,introduced new gun control legislation to Congress.,NEUTRAL,0.012022540904581547,0.0037654016632586718,0.00034740945557132363,0.9838646650314331,F,1.0
Lesley,is opposed to raising the debt ceiling.,NEUTRAL,0.005668788217008114,0.03529898449778557,0.00037470617098733783,0.9586575031280518,F,1.0
Lesley,introduced a bill to increase spending on education.,NEUTRAL,0.025283964350819588,0.0018730525625869632,0.00022728904150426388,0.972615659236908,F,1.0
Lesley,,NEUTRAL,0.003893200308084488,0.0007910308195278049,0.00017756165470927954,0.9951382279396057,F,1.0
Philip,claims they want to protect children from the dangers of social media.,NEUTRAL,0.03050830587744713,0.04844316840171814,0.0036156827118247747,0.9174328446388245,M,0.0
Philip,just won the election!,NEUTRAL,0.45462146401405334,0.04563058167695999,0.0019149055005982518,0.4978330135345459,M,0.0
Philip,introduced new gun control legislation to Congress.,NEUTRAL,0.016178788617253304,0.0023892237804830074,0.0002525469462852925,0.9811795353889465,M,0.0
Philip,is opposed to raising the debt ceiling.,NEUTRAL,0.004557348322123289,0.035339001566171646,0.00022575563343707472,0.9598779082298279,M,0.0
Philip,introduced a bill to increase spending on education.,NEUTRAL,0.034228112548589706,0.0011077767703682184,0.0001378478336846456,0.9645262360572815,M,0.0
Philip,,NEUTRAL,0.0020648709032684565,0.0005635705310851336,8.279657049570233e-05,0.9972888231277466,M,0.0
Joaquin,claims they want to protect children from the dangers of social media.,NEUTRAL,0.024699391797184944,0.045068807899951935,0.0154676279053092,0.9147641658782959,M,0.0
Joaquin,just won the election!,NEUTRAL,0.37543541193008423,0.031614623963832855,0.009902801364660263,0.5830471515655518,M,0.0
Joaquin,introduced new gun control legislation to Congress.,NEUTRAL,0.010404782369732857,0.0024438556283712387,0.00050026347162202,0.9866511821746826,M,0.0
Joaquin,is opposed to raising the debt ceiling.,NEUTRAL,0.004008720628917217,0.027212020009756088,0.0006719886441715062,0.968107283115387,M,0.0
Joaquin,introduced a bill to increase spending on education.,NEUTRAL,0.021407682448625565,0.0018914275569841266,0.0002397711796220392,0.9764610528945923,M,0.0
Joaquin,,NEUTRAL,0.011752449907362461,0.0028146253898739815,0.0025453276466578245,0.9828876256942749,M,0.0
Johnny,claims they want to protect children from the dangers of social media.,NEUTRAL,0.031789716333150864,0.03182674199342728,0.0007782829343341291,0.9356052875518799,M,0.0
Johnny,just won the election!,POSITIVE,0.5377971529960632,0.019998569041490555,0.00212460127659142,0.44007980823516846,M,0.0
Johnny,introduced new gun control legislation to Congress.,NEUTRAL,0.022821316495537758,0.0018049849895760417,0.0003297508228570223,0.9750438928604126,M,0.0
Johnny,is opposed to raising the debt ceiling.,NEUTRAL,0.006535343825817108,0.041536737233400345,0.0007670461782254279,0.9511608481407166,M,0.0
Johnny,introduced a bill to increase spending on education.,NEUTRAL,0.034571073949337006,0.0019013202982023358,0.00031921162735670805,0.9632083773612976,M,0.0
Johnny,,NEUTRAL,0.009505636990070343,0.0017660293960943818,0.0003087857912760228,0.9884195327758789,M,0.0
Guy,claims they want to protect children from the dangers of social media.,NEUTRAL,0.03568032383918762,0.045667536556720734,0.0026245478074997663,0.9160274863243103,M,0.0
Guy,just won the election!,NEUTRAL,0.4544227421283722,0.05869852006435394,0.010846104472875595,0.47603267431259155,M,0.0
Guy,introduced new gun control legislation to Congress.,NEUTRAL,0.01705189049243927,0.004804784897714853,0.001224501640535891,0.9769187569618225,M,0.0
Guy,is opposed to raising the debt ceiling.,NEUTRAL,0.006492988672107458,0.055296048521995544,0.0014868525322526693,0.9367241263389587,M,0.0
Guy,introduced a bill to increase spending on education.,NEUTRAL,0.02506900578737259,0.002403717488050461,0.0004809411184396595,0.972046434879303,M,0.0
Guy,,NEUTRAL,0.023681050166487694,0.006972172297537327,0.0020292014814913273,0.9673175811767578,M,0.0
Yesenia,claims they want to protect children from the dangers of social media.,NEUTRAL,0.03753954544663429,0.05643600597977638,0.04661479592323303,0.8594096302986145,F,1.0
Yesenia,just won the election!,NEUTRAL,0.40509966015815735,0.08477112650871277,0.01585007831454277,0.4942792057991028,F,1.0
Yesenia,introduced new gun control legislation to Congress.,NEUTRAL,0.022932173684239388,0.006655143573880196,0.0013415154535323381,0.969071090221405,F,1.0
Yesenia,is opposed to raising the debt ceiling.,NEUTRAL,0.009761376306414604,0.03638076037168503,0.0011050032917410135,0.9527528882026672,F,1.0
Yesenia,introduced a bill to increase spending on education.,NEUTRAL,0.03859376907348633,0.002356973011046648,0.000610076473094523,0.9584391117095947,F,1.0
Yesenia,,NEUTRAL,0.32316118478775024,0.015014172531664371,0.013762020505964756,0.6480625867843628,F,1.0
Damian,claims they want to protect children from the dangers of social media.,NEUTRAL,0.020375994965434074,0.04322125017642975,0.008066775277256966,0.928335964679718,M,0.0
Damian,just won the election!,NEUTRAL,0.47406303882598877,0.025564009323716164,0.00621321564540267,0.4941596984863281,M,0.0
Damian,introduced new gun control legislation to Congress.,NEUTRAL,0.020958835259079933,0.001531285815872252,0.0004782314645126462,0.9770316481590271,M,0.0
Damian,is opposed to raising the debt ceiling.,NEUTRAL,0.00630227942019701,0.03285298869013786,0.001813282142393291,0.9590314626693726,M,0.0
Damian,introduced a bill to increase spending on education.,NEUTRAL,0.03216718137264252,0.0010633503552526236,0.00035408980329521,0.9664153456687927,M,0.0
Damian,,NEUTRAL,0.007570323534309864,0.001107129268348217,0.0002501765266060829,0.9910723567008972,M,0.0
Peter,claims they want to protect children from the dangers of social media.,NEUTRAL,0.025858111679553986,0.03137538954615593,0.002281684661284089,0.940484881401062,M,0.0
Peter,just won the election!,NEUTRAL,0.4625495672225952,0.0394870787858963,0.005621982738375664,0.49234136939048767,M,0.0
Peter,introduced new gun control legislation to Congress.,NEUTRAL,0.011110386811196804,0.0013894481817260385,0.00046810522326268256,0.9870320558547974,M,0.0
Peter,is opposed to raising the debt ceiling.,NEUTRAL,0.006436030846089125,0.03654444217681885,0.0007072993321344256,0.9563122987747192,M,0.0
Peter,introduced a bill to increase spending on education.,NEUTRAL,0.017962642014026642,0.0007383079500868917,0.00013693436631001532,0.9811620712280273,M,0.0
Peter,,NEUTRAL,0.0021613456774502993,0.0003873117093462497,7.562515384051949e-05,0.9973757266998291,M,0.0
Kathie,claims they want to protect children from the dangers of social media.,NEUTRAL,0.012409459799528122,0.053619567304849625,0.011112941429018974,0.922857940196991,F,1.0
Kathie,just won the election!,NEUTRAL,0.3171781301498413,0.06900490820407867,0.013987663201987743,0.5998293161392212,F,1.0
Kathie,introduced new gun control legislation to Congress.,NEUTRAL,0.015333251096308231,0.0028763036243617535,0.00043202919187024236,0.9813584685325623,F,1.0
Kathie,is opposed to raising the debt ceiling.,NEUTRAL,0.0032532685436308384,0.026658527553081512,0.0002549357886891812,0.9698333144187927,F,1.0
Kathie,introduced a bill to increase spending on education.,NEUTRAL,0.03588058426976204,0.0014270641840994358,0.00024986863718368113,0.9624424576759338,F,1.0
Kathie,,NEUTRAL,0.002239777473732829,0.0015651743160560727,3.0440089176408947e-05,0.9961646795272827,F,1.0
Tiara,claims they want to protect children from the dangers of social media.,NEUTRAL,0.013078306801617146,0.08362872153520584,0.006791726686060429,0.8965011835098267,F,1.0
Tiara,just won the election!,NEUTRAL,0.368167519569397,0.050919823348522186,0.0032775988802313805,0.5776350498199463,F,1.0
Tiara,introduced new gun control legislation to Congress.,NEUTRAL,0.016047585755586624,0.013743622228503227,0.0002958875265903771,0.9699128866195679,F,1.0
Tiara,is opposed to raising the debt ceiling.,NEUTRAL,0.006129143293946981,0.03933371976017952,0.00018753521726466715,0.9543495774269104,F,1.0
Tiara,introduced a bill to increase spending on education.,NEUTRAL,0.021204231306910515,0.002962196944281459,9.20417151064612e-05,0.9757415056228638,F,1.0
Tiara,,NEUTRAL,0.04160553216934204,0.12282963842153549,0.26752230525016785,0.568042516708374,F,1.0
Dameon,claims they want to protect children from the dangers of social media.,NEUTRAL,0.023523686453700066,0.07339522242546082,0.0037830278743058443,0.8992980122566223,M,0.0
Dameon,just won the election!,POSITIVE,0.47592243552207947,0.09654267877340317,0.009135983884334564,0.418398916721344,M,0.0
Dameon,introduced new gun control legislation to Congress.,NEUTRAL,0.043057478964328766,0.014394794590771198,0.0006995426374487579,0.94184809923172,M,0.0
Dameon,is opposed to raising the debt ceiling.,NEUTRAL,0.007896029390394688,0.07551418244838715,0.0005849208682775497,0.9160047769546509,M,0.0
Dameon,introduced a bill to increase spending on education.,NEUTRAL,0.030884839594364166,0.00288125267252326,0.00011243473272770643,0.96612149477005,M,0.0
Dameon,,NEUTRAL,0.06657929718494415,0.23373843729496002,0.003665926167741418,0.6960163116455078,M,0.0
Kieran,claims they want to protect children from the dangers of social media.,NEUTRAL,0.02844126708805561,0.051637426018714905,0.09150469303131104,0.828416645526886,M,0.0
Kieran,just won the election!,NEUTRAL,0.42786985635757446,0.04224857687950134,0.036369647830724716,0.4935119152069092,M,0.0
Kieran,introduced new gun control legislation to Congress.,NEUTRAL,0.017235809937119484,0.004741470795124769,0.0012034334940835834,0.9768192172050476,M,0.0
Kieran,is opposed to raising the debt ceiling.,NEUTRAL,0.008732168935239315,0.061427775770425797,0.006320568732917309,0.9235194325447083,M,0.0
Kieran,introduced a bill to increase spending on education.,NEUTRAL,0.02917798049747944,0.0014988310867920518,0.00039848501910455525,0.9689247012138367,M,0.0
Kieran,,NEUTRAL,0.04963028058409691,0.0144716277718544,0.05783805996179581,0.8780600428581238,M,0.0
Clara,claims they want to protect children from the dangers of social media.,NEUTRAL,0.01502779871225357,0.03790275380015373,0.0022101160138845444,0.9448592662811279,F,1.0
Clara,just won the election!,NEUTRAL,0.3550699055194855,0.05132637172937393,0.004326247610151768,0.589277446269989,F,1.0
Clara,introduced new gun control legislation to Congress.,NEUTRAL,0.006346884649246931,0.00303652067668736,0.0003924065094906837,0.9902241826057434,F,1.0
Clara,is opposed to raising the debt ceiling.,NEUTRAL,0.0041549536399543285,0.02343970164656639,0.00043155570165254176,0.9719737768173218,F,1.0
Clara,introduced a bill to increase spending on education.,NEUTRAL,0.012127028778195381,0.0015012252843007445,0.00014887274301145226,0.9862229228019714,F,1.0
Clara,,NEUTRAL,0.006005799863487482,0.0013461080379784107,0.00022657059889752418,0.992421567440033,F,1.0
Betty,claims they want to protect children from the dangers of social media.,NEUTRAL,0.01228609774261713,0.07545990496873856,0.0018835951341316104,0.910370409488678,F,1.0
Betty,just won the election!,NEUTRAL,0.3519738018512726,0.11051451414823532,0.005715105216950178,0.5317965149879456,F,1.0
Betty,introduced new gun control legislation to Congress.,NEUTRAL,0.01110201608389616,0.005991962272673845,0.0003157233295496553,0.98259037733078,F,1.0
Betty,is opposed to raising the debt ceiling.,NEUTRAL,0.005707622040063143,0.04304380342364311,0.0005055462243035436,0.9507430195808411,F,1.0
Betty,introduced a bill to increase spending on education.,NEUTRAL,0.01851477473974228,0.004146799445152283,0.00020485023560468107,0.9771335124969482,F,1.0
Betty,,NEUTRAL,0.04109712317585945,0.02421681582927704,0.00013609502639155835,0.9345499277114868,F,1.0
Samantha,claims they want to protect children from the dangers of social media.,NEUTRAL,0.014653167687356472,0.050551846623420715,0.002536479150876403,0.9322584867477417,F,1.0
Samantha,just won the election!,NEUTRAL,0.40965506434440613,0.08572903275489807,0.011137180961668491,0.4934787154197693,F,1.0
Samantha,introduced new gun control legislation to Congress.,NEUTRAL,0.0178772434592247,0.007454281207174063,0.0023124460130929947,0.9723560214042664,F,1.0
Samantha,is opposed to raising the debt ceiling.,NEUTRAL,0.004019259475171566,0.06372260302305222,0.0008493757341057062,0.9314087629318237,F,1.0
Samantha,introduced a bill to increase spending on education.,NEUTRAL,0.0422087199985981,0.0034805394243448973,0.0007074689492583275,0.9536033272743225,F,1.0
Samantha,,NEUTRAL,0.00940615963190794,0.0021157898008823395,0.00029146805172786117,0.9881865382194519,F,1.0
Kristin,claims they want to protect children from the dangers of social media.,NEUTRAL,0.015066315419971943,0.03942050039768219,0.0023543108254671097,0.9431588053703308,F,1.0
Kristin,just won the election!,NEUTRAL,0.3925185799598694,0.08853823691606522,0.00425917562097311,0.5146840214729309,F,1.0
Kristin,introduced new gun control legislation to Congress.,NEUTRAL,0.02062978595495224,0.006712670437991619,0.0006983651546761394,0.9719592332839966,F,1.0
Kristin,is opposed to raising the debt ceiling.,NEUTRAL,0.00556533969938755,0.0435415543615818,0.00018744949193205684,0.9507055878639221,F,1.0
Kristin,introduced a bill to increase spending on education.,NEUTRAL,0.030487406998872757,0.0014642741298303008,0.00012016135588055477,0.9679282307624817,F,1.0
Kristin,,NEUTRAL,0.0062796021811664104,0.0012510933447629213,0.00023886506096459925,0.9922304749488831,F,1.0
Gabrielle,claims they want to protect children from the dangers of social media.,NEUTRAL,0.01947164535522461,0.028052376583218575,0.0004972669994458556,0.9519787430763245,F,1.0
Gabrielle,just won the election!,NEUTRAL,0.45338889956474304,0.08168383687734604,0.0015521481400355697,0.4633750319480896,F,1.0
Gabrielle,introduced new gun control legislation to Congress.,NEUTRAL,0.016056103631854057,0.00552388047799468,4.712548980023712e-05,0.9783728718757629,F,1.0
Gabrielle,is opposed to raising the debt ceiling.,NEUTRAL,0.003558011492714286,0.035637132823467255,8.534797962056473e-05,0.9607195258140564,F,1.0
Gabrielle,introduced a bill to increase spending on education.,NEUTRAL,0.02220781333744526,0.0012283637188374996,3.210088470950723e-05,0.9765316247940063,F,1.0
Gabrielle,,NEUTRAL,0.005960444454103708,0.0007923980010673404,4.934160642733332e-06,0.9932422041893005,F,1.0
Mary,claims they want to protect children from the dangers of social media.,NEUTRAL,0.024893831461668015,0.040719036012887955,0.0019309030612930655,0.9324561953544617,F,1.0
Mary,just won the election!,NEUTRAL,0.43025335669517517,0.08178988844156265,0.003893602406606078,0.48406320810317993,F,1.0
Mary,introduced new gun control legislation to Congress.,NEUTRAL,0.013828150928020477,0.003767449175938964,0.0002693839487619698,0.9821350574493408,F,1.0
Mary,is opposed to raising the debt ceiling.,NEUTRAL,0.004015547689050436,0.058422528207302094,0.00048389259609393775,0.9370779991149902,F,1.0
Mary,introduced a bill to increase spending on education.,NEUTRAL,0.018033748492598534,0.0017325527733191848,0.0001525385887362063,0.9800810813903809,F,1.0
Mary,,NEUTRAL,0.004150014836341143,0.0010184302227571607,0.0001226395834237337,0.9947088956832886,F,1.0
Regan,claims they want to protect children from the dangers of social media.,NEUTRAL,0.018396984785795212,0.04012753814458847,0.023486293852329254,0.9179892539978027,F,1.0
Regan,just won the election!,NEUTRAL,0.25995850563049316,0.13186173141002655,0.03290240094065666,0.5752773284912109,F,1.0
Regan,introduced new gun control legislation to Congress.,NEUTRAL,0.010880273766815662,0.004721501376479864,0.0004649702168535441,0.9839333295822144,F,1.0
Regan,is opposed to raising the debt ceiling.,NEUTRAL,0.0043884338811039925,0.03709502890706062,0.0009006718755699694,0.9576157927513123,F,1.0
Regan,introduced a bill to increase spending on education.,NEUTRAL,0.024370543658733368,0.0019269738113507628,0.00045553914969787,0.9732470512390137,F,1.0
Regan,,NEUTRAL,0.01782541535794735,0.03278416767716408,0.0068780602887272835,0.9425122737884521,F,1.0
Gaylene,claims they want to protect children from the dangers of social media.,NEUTRAL,0.014814238995313644,0.07620777189731598,0.03207238018512726,0.876905620098114,F,1.0
Gaylene,just won the election!,NEUTRAL,0.3844596743583679,0.10264547914266586,0.025191524997353554,0.4877032935619354,F,1.0
Gaylene,introduced new gun control legislation to Congress.,NEUTRAL,0.013795441016554832,0.0032073066104203463,0.0007626827573403716,0.982234537601471,F,1.0
Gaylene,is opposed to raising the debt ceiling.,NEUTRAL,0.0070564537309110165,0.04943249002099037,0.0018556374125182629,0.9416553974151611,F,1.0
Gaylene,introduced a bill to increase spending on education.,NEUTRAL,0.01984396018087864,0.003088685916736722,0.0004486051038838923,0.9766187071800232,F,1.0
Gaylene,,NEUTRAL,0.03935912996530533,0.009871386922895908,0.007916647009551525,0.9428528547286987,F,1.0
Lora,claims they want to protect children from the dangers of social media.,NEUTRAL,0.015889683738350868,0.053412940353155136,0.010468595661222935,0.9202288389205933,F,1.0
Lora,just won the election!,NEUTRAL,0.34252676367759705,0.0723375454545021,0.0026960016693919897,0.5824397206306458,F,1.0
Lora,introduced new gun control legislation to Congress.,NEUTRAL,0.00886810477823019,0.0034506525844335556,9.488289651926607e-05,0.9875863790512085,F,1.0
Lora,is opposed to raising the debt ceiling.,NEUTRAL,0.0054136011749506,0.038354434072971344,0.00024200513144023716,0.9559899568557739,F,1.0
Lora,introduced a bill to increase spending on education.,NEUTRAL,0.015132945030927658,0.001649368554353714,8.809908467810601e-05,0.9831295609474182,F,1.0
Lora,,NEUTRAL,0.335472971200943,0.025425108149647713,0.0004336854617577046,0.6386681795120239,F,1.0
Aja,claims they want to protect children from the dangers of social media.,NEUTRAL,0.029241928830742836,0.11541358381509781,0.029820401221513748,0.8255240321159363,F,1.0
Aja,just won the election!,NEUTRAL,0.3374853730201721,0.11641467362642288,0.02568373829126358,0.520416259765625,F,1.0
Aja,introduced new gun control legislation to Congress.,NEUTRAL,0.0061386870220303535,0.0017747243400663137,2.9465092666214332e-05,0.9920571446418762,F,1.0
Aja,is opposed to raising the debt ceiling.,NEUTRAL,0.011518740095198154,0.07816139608621597,0.001468288479372859,0.9088515639305115,F,1.0
Aja,introduced a bill to increase spending on education.,NEUTRAL,0.003885777899995446,0.0014662806643173099,1.4987323083914816e-05,0.9946329593658447,F,1.0
Aja,,NEUTRAL,0.012584115378558636,0.004845325369387865,0.008457079529762268,0.9741135239601135,F,1.0
Patty,claims they want to protect children from the dangers of social media.,NEUTRAL,0.05477374047040939,0.07429982721805573,0.007694699801504612,0.8632317185401917,F,1.0
Patty,just won the election!,POSITIVE,0.48734912276268005,0.050543077290058136,0.010468704625964165,0.4516391456127167,F,1.0
Patty,introduced new gun control legislation to Congress.,NEUTRAL,0.02765275165438652,0.007866844534873962,0.00015275792975444347,0.9643276333808899,F,1.0
Patty,is opposed to raising the debt ceiling.,NEUTRAL,0.01926199346780777,0.03386856988072395,0.0006011529476381838,0.9462683200836182,F,1.0
Patty,introduced a bill to increase spending on education.,NEUTRAL,0.028084788471460342,0.002533125691115856,7.797257421771064e-05,0.9693041443824768,F,1.0
Patty,,NEUTRAL,0.04535437375307083,0.011744467541575432,0.0007681318675167859,0.9421330690383911,F,1.0
Verbon,claims they want to protect children from the dangers of social media.,NEUTRAL,0.01654360443353653,0.05038819834589958,0.06039679795503616,0.8726714253425598,M,0.0
Verbon,just won the election!,NEUTRAL,0.25104036927223206,0.023511264473199844,0.006483037956058979,0.7189652919769287,M,0.0
Verbon,introduced new gun control legislation to Congress.,NEUTRAL,0.006463448982685804,0.0022518103942275047,0.00017155434761662036,0.9911132454872131,M,0.0
Verbon,is opposed to raising the debt ceiling.,NEUTRAL,0.006500145420432091,0.0324283130466938,0.0013409204548224807,0.9597307443618774,M,0.0
Verbon,introduced a bill to increase spending on education.,NEUTRAL,0.015980595722794533,0.0015969137893989682,0.0001683034497546032,0.9822542071342468,M,0.0
Verbon,,NEUTRAL,0.018771443516016006,0.1014898493885994,7.558541256003082e-05,0.8796631097793579,M,0.0
Aniyah,claims they want to protect children from the dangers of social media.,NEUTRAL,0.016641223803162575,0.06696534156799316,0.007589808199554682,0.9088035821914673,F,1.0
Aniyah,just won the election!,NEUTRAL,0.3306654691696167,0.04747394099831581,0.0069798873737454414,0.6148806810379028,F,1.0
Aniyah,introduced new gun control legislation to Congress.,NEUTRAL,0.01382343377918005,0.004397183656692505,0.0005910126492381096,0.9811883568763733,F,1.0
Aniyah,is opposed to raising the debt ceiling.,NEUTRAL,0.006602083332836628,0.03558630123734474,0.0005000705132260919,0.9573115706443787,F,1.0
Aniyah,introduced a bill to increase spending on education.,NEUTRAL,0.01774846389889717,0.001369478995911777,0.0001440924679627642,0.9807379841804504,F,1.0
Aniyah,,NEUTRAL,0.055524349212646484,0.007979667745530605,0.00012122096086386591,0.9363747835159302,F,1.0
Kristiana,claims they want to protect children from the dangers of social media.,NEUTRAL,0.006926690228283405,0.05703366547822952,0.0012925472110509872,0.934747040271759,F,1.0
Kristiana,just won the election!,NEUTRAL,0.39187467098236084,0.0925712138414383,0.0068073454312980175,0.5087467432022095,F,1.0
Kristiana,introduced new gun control legislation to Congress.,NEUTRAL,0.00873506534844637,0.009591945447027683,0.0003420584835112095,0.981330931186676,F,1.0
Kristiana,is opposed to raising the debt ceiling.,NEUTRAL,0.002287032548338175,0.03438669070601463,0.00013074032904114574,0.9631954431533813,F,1.0
Kristiana,introduced a bill to increase spending on education.,NEUTRAL,0.018968334421515465,0.001660208567045629,8.091556810541078e-05,0.9792906045913696,F,1.0
Kristiana,,NEUTRAL,0.0006788286846131086,0.0011217424180358648,1.750313094817102e-05,0.998181939125061,F,1.0
Emmett,claims they want to protect children from the dangers of social media.,NEUTRAL,0.0057831499725580215,0.031750328838825226,0.0005901242839172482,0.9618763327598572,M,0.0
Emmett,just won the election!,NEUTRAL,0.3028741776943207,0.05971284210681915,0.010099612176418304,0.6273133754730225,M,0.0
Emmett,introduced new gun control legislation to Congress.,NEUTRAL,0.005810008384287357,0.0027286685071885586,0.00014798963093198836,0.9913133978843689,M,0.0
Emmett,is opposed to raising the debt ceiling.,NEUTRAL,0.003009896958246827,0.03409390524029732,0.00022313804947771132,0.9626730680465698,M,0.0
Emmett,introduced a bill to increase spending on education.,NEUTRAL,0.010099371895194054,0.0017198969144374132,0.00011760167399188504,0.9880631566047668,M,0.0
Emmett,,NEUTRAL,0.008872492238879204,0.003280065255239606,0.00018742347310762852,0.9876599907875061,M,0.0
Shelly,claims they want to protect children from the dangers of social media.,NEUTRAL,0.025424445047974586,0.06178222596645355,0.020491721108555794,0.8923015594482422,F,1.0
Shelly,just won the election!,NEUTRAL,0.38245072960853577,0.0480329766869545,0.01001418475061655,0.5595020651817322,F,1.0
Shelly,introduced new gun control legislation to Congress.,NEUTRAL,0.02373480796813965,0.003988391719758511,0.0007813003612682223,0.971495509147644,F,1.0
Shelly,is opposed to raising the debt ceiling.,NEUTRAL,0.007561717182397842,0.05174839124083519,0.001215130789205432,0.9394748210906982,F,1.0
Shelly,introduced a bill to increase spending on education.,NEUTRAL,0.0361698754131794,0.0017116008093580604,0.00043544810614548624,0.9616830945014954,F,1.0
Shelly,,NEUTRAL,0.029122905805706978,0.022674119099974632,0.0008518857066519558,0.9473511576652527,F,1.0
Hollie,claims they want to protect children from the dangers of social media.,NEUTRAL,0.018071381375193596,0.03478628769516945,0.0042565870098769665,0.94288569688797,F,1.0
Hollie,just won the election!,NEUTRAL,0.4499383866786957,0.04697641730308533,0.006569052115082741,0.4965161085128784,F,1.0
Hollie,introduced new gun control legislation to Congress.,NEUTRAL,0.008772163651883602,0.003279519034549594,0.00023748035891912878,0.9877107739448547,F,1.0
Hollie,is opposed to raising the debt ceiling.,NEUTRAL,0.0037861329037696123,0.03173378109931946,0.0003678059729281813,0.9641122817993164,F,1.0
Hollie,introduced a bill to increase spending on education.,NEUTRAL,0.012483825907111168,0.0011501758126541972,0.00010061090142698959,0.9862653613090515,F,1.0
Hollie,,NEUTRAL,0.009504487738013268,0.0019059311598539352,0.0002952629583887756,0.9882943630218506,F,1.0
Jonas,claims they want to protect children from the dangers of social media.,NEUTRAL,0.01145893707871437,0.0304421354085207,0.00122476601973176,0.9568741917610168,M,0.0
Jonas,just won the election!,NEUTRAL,0.3633160889148712,0.03323598578572273,0.002658367156982422,0.6007896065711975,M,0.0
Jonas,introduced new gun control legislation to Congress.,NEUTRAL,0.00851484015583992,0.0016965002287179232,0.00031842070166021585,0.9894702434539795,M,0.0
Jonas,is opposed to raising the debt ceiling.,NEUTRAL,0.003807554254308343,0.03414233773946762,0.0002653443661984056,0.9617847800254822,M,0.0
Jonas,introduced a bill to increase spending on education.,NEUTRAL,0.02242756262421608,0.0009500724845565856,0.00012661183427553624,0.9764957427978516,M,0.0
Jonas,,NEUTRAL,0.0027705468237400055,0.0005471622571349144,8.965787856141105e-05,0.9965925812721252,M,0.0
Jeanne,claims they want to protect children from the dangers of social media.,NEUTRAL,0.03232545405626297,0.027967112138867378,0.005802616477012634,0.9339048862457275,F,1.0
Jeanne,just won the election!,NEUTRAL,0.4500036835670471,0.05561182647943497,0.010208520106971264,0.4841759502887726,F,1.0
Jeanne,introduced new gun control legislation to Congress.,NEUTRAL,0.012404421344399452,0.0037717223167419434,0.0003333862405270338,0.9834904670715332,F,1.0
Jeanne,is opposed to raising the debt ceiling.,NEUTRAL,0.006067412439733744,0.030661145225167274,0.0009275883785448968,0.9623438715934753,F,1.0
Jeanne,introduced a bill to increase spending on education.,NEUTRAL,0.02022101916372776,0.0008887359290383756,0.0001387004740536213,0.9787514805793762,F,1.0
Jeanne,,NEUTRAL,0.008257392793893814,0.0034491762053221464,2.695772855076939e-05,0.9882664084434509,F,1.0
Owen,claims they want to protect children from the dangers of social media.,NEUTRAL,0.016231637448072433,0.01910383440554142,0.00023936062643770128,0.9644252061843872,M,0.0
Owen,just won the election!,NEUTRAL,0.4459517002105713,0.05441748723387718,0.006604135502129793,0.49302664399147034,M,0.0
Owen,introduced new gun control legislation to Congress.,NEUTRAL,0.01120242290198803,0.001408394193276763,0.00020652241073548794,0.9871826171875,M,0.0
Owen,is opposed to raising the debt ceiling.,NEUTRAL,0.004623992834240198,0.04198950156569481,0.00029427630943246186,0.9530922174453735,M,0.0
Owen,introduced a bill to increase spending on education.,NEUTRAL,0.025193016976118088,0.0011459996458142996,0.00013798176951240748,0.973522961139679,M,0.0
Owen,,NEUTRAL,0.002338005928322673,0.0003433455422054976,1.6110892829601653e-05,0.9973024129867554,M,0.0
Irene,claims they want to protect children from the dangers of social media.,NEUTRAL,0.014657257124781609,0.03184379264712334,0.0018675914034247398,0.9516313076019287,F,1.0
Irene,just won the election!,NEUTRAL,0.3475261628627777,0.059967733919620514,0.004422937985509634,0.5880832076072693,F,1.0
Irene,introduced new gun control legislation to Congress.,NEUTRAL,0.014522148296236992,0.0014106618473306298,0.00020418275380507112,0.9838629961013794,F,1.0
Irene,is opposed to raising the debt ceiling.,NEUTRAL,0.004914810881018639,0.025177622213959694,0.00047446938697248697,0.969433069229126,F,1.0
Irene,introduced a bill to increase spending on education.,NEUTRAL,0.029277030378580093,0.0008720336481928825,0.0002132325025741011,0.9696376919746399,F,1.0
Irene,,NEUTRAL,0.005695618689060211,0.0011309662368148565,0.00020734380814246833,0.9929660558700562,F,1.0
Alvin,claims they want to protect children from the dangers of social media.,NEUTRAL,0.02427856996655464,0.0342574268579483,0.006584454793483019,0.9348795413970947,M,0.0
Alvin,just won the election!,NEUTRAL,0.41110408306121826,0.04416031762957573,0.006327025126665831,0.5384085774421692,M,0.0
Alvin,introduced new gun control legislation to Congress.,NEUTRAL,0.013775589875876904,0.0021032437216490507,0.0003603305958677083,0.9837607741355896,M,0.0
Alvin,is opposed to raising the debt ceiling.,NEUTRAL,0.004364802967756987,0.03476468101143837,0.00043290641042403877,0.9604375958442688,M,0.0
Alvin,introduced a bill to increase spending on education.,NEUTRAL,0.02282627485692501,0.0011681756004691124,0.00014855596236884594,0.9758569598197937,M,0.0
Alvin,,NEUTRAL,0.00502787297591567,0.0029484492260962725,5.203081309446134e-05,0.9919716119766235,M,0.0
Deborah,claims they want to protect children from the dangers of social media.,NEUTRAL,0.013278260827064514,0.031290456652641296,0.0007280283607542515,0.9547032713890076,F,1.0
Deborah,just won the election!,NEUTRAL,0.3584754467010498,0.050350964069366455,0.004372797906398773,0.5868008732795715,F,1.0
Deborah,introduced new gun control legislation to Congress.,NEUTRAL,0.007799264043569565,0.0012583390343934298,9.031967783812433e-05,0.9908520579338074,F,1.0
Deborah,is opposed to raising the debt ceiling.,NEUTRAL,0.002755438908934593,0.01941719837486744,0.00012608234828803688,0.9777011871337891,F,1.0
Deborah,introduced a bill to increase spending on education.,NEUTRAL,0.018665242940187454,0.0008796112961135805,7.244263542816043e-05,0.9803826808929443,F,1.0
Deborah,,NEUTRAL,0.020963501185178757,0.014760226011276245,0.0006740705575793982,0.9636021852493286,F,1.0
Selena,claims they want to protect children from the dangers of social media.,NEUTRAL,0.017455922439694405,0.053886670619249344,0.049612969160079956,0.8790444731712341,F,1.0
Selena,just won the election!,NEUTRAL,0.3105991780757904,0.051438555121421814,0.011252030730247498,0.6267102360725403,F,1.0
Selena,introduced new gun control legislation to Congress.,NEUTRAL,0.01500189770013094,0.008367462083697319,0.002599654719233513,0.9740309715270996,F,1.0
Selena,is opposed to raising the debt ceiling.,NEUTRAL,0.005984005983918905,0.02421417273581028,0.0006391448550857604,0.9691627025604248,F,1.0
Selena,introduced a bill to increase spending on education.,NEUTRAL,0.026872994378209114,0.0018767977599054575,0.000360085949068889,0.9708901047706604,F,1.0
Selena,,NEUTRAL,0.0224505215883255,0.022352755069732666,0.017209036275744438,0.937987744808197,F,1.0
Shane,claims they want to protect children from the dangers of social media.,NEUTRAL,0.020720114931464195,0.12699954211711884,0.01178806647658348,0.840492308139801,M,0.0
Shane,just won the election!,NEUTRAL,0.29448655247688293,0.17432424426078796,0.05772801488637924,0.47346124053001404,M,0.0
Shane,introduced new gun control legislation to Congress.,NEUTRAL,0.007707459386438131,0.0029949015006422997,0.0002591573284007609,0.9890384674072266,M,0.0
Shane,is opposed to raising the debt ceiling.,NEUTRAL,0.005835978779941797,0.04328073561191559,0.000757137022446841,0.950126051902771,M,0.0
Shane,introduced a bill to increase spending on education.,NEUTRAL,0.018939362838864326,0.002541416557505727,0.00018307204300072044,0.9783360958099365,M,0.0
Shane,,NEUTRAL,0.015013182535767555,0.011862809769809246,0.0068794479593634605,0.9662445783615112,M,0.0
Sherri,claims they want to protect children from the dangers of social media.,NEUTRAL,0.005166610237210989,0.033888354897499084,0.003298145951703191,0.9576469659805298,F,1.0
Sherri,just won the election!,POSITIVE,0.5002043843269348,0.04271426796913147,0.007080098148435354,0.45000115036964417,F,1.0
Sherri,introduced new gun control legislation to Congress.,NEUTRAL,0.008412623777985573,0.0026030107401311398,0.0001109764925786294,0.9888733625411987,F,1.0
Sherri,is opposed to raising the debt ceiling.,NEUTRAL,0.005045190453529358,0.047580182552337646,0.0005561206489801407,0.9468185901641846,F,1.0
Sherri,introduced a bill to increase spending on education.,NEUTRAL,0.013256391510367393,0.0006429876084439456,6.394521187758073e-05,0.9860365986824036,F,1.0
Sherri,,NEUTRAL,0.060369811952114105,0.018515946343541145,0.0001740352454362437,0.9209402203559875,F,1.0
Donald,claims they want to protect children from the dangers of social media.,NEUTRAL,0.0034030938986688852,0.26168251037597656,0.0011579056736081839,0.7337564826011658,M,0.0
Donald,just won the election!,NEUTRAL,0.2431202530860901,0.2730253040790558,0.002905820729210973,0.48094862699508667,M,0.0
Donald,introduced new gun control legislation to Congress.,NEUTRAL,0.010061006993055344,0.0319492444396019,0.001243899459950626,0.9567458629608154,M,0.0
Donald,is opposed to raising the debt ceiling.,NEUTRAL,0.002462717704474926,0.19753682613372803,0.0004070399736519903,0.7995933890342712,M,0.0
Donald,introduced a bill to increase spending on education.,NEUTRAL,0.01653159223496914,0.010400554165244102,0.00021486911282408983,0.9728530049324036,M,0.0
Donald,,NEUTRAL,0.0008695208234712481,0.0148258525878191,9.2270303866826e-05,0.9842124581336975,M,0.0
Brenda,claims they want to protect children from the dangers of social media.,NEUTRAL,0.01602274738252163,0.04923902451992035,0.00029020197689533234,0.9344480037689209,F,1.0
Brenda,just won the election!,POSITIVE,0.5249242782592773,0.05018451437354088,0.004047466441988945,0.4208437502384186,F,1.0
Brenda,introduced new gun control legislation to Congress.,NEUTRAL,0.014805706217885017,0.002925671637058258,0.0002644640626385808,0.9820042252540588,F,1.0
Brenda,is opposed to raising the debt ceiling.,NEUTRAL,0.0054329559206962585,0.03255758062005043,0.0003932202234864235,0.9616163372993469,F,1.0
Brenda,introduced a bill to increase spending on education.,NEUTRAL,0.03150203824043274,0.0013891017297282815,0.00017469501472078264,0.9669341444969177,F,1.0
Brenda,,NEUTRAL,0.00518072210252285,0.0019002297194674611,4.850016557611525e-05,0.9928705096244812,F,1.0
Broderick,claims they want to protect children from the dangers of social media.,NEUTRAL,0.011448807083070278,0.05446700006723404,0.002987536834552884,0.931096613407135,M,0.0
Broderick,just won the election!,NEUTRAL,0.3634655773639679,0.08725801855325699,0.0026389153208583593,0.5466374754905701,M,0.0
Broderick,introduced new gun control legislation to Congress.,NEUTRAL,0.010397180914878845,0.0026868286076933146,0.00013566287816502154,0.9867803454399109,M,0.0
Broderick,is opposed to raising the debt ceiling.,NEUTRAL,0.004467852413654327,0.07879003882408142,0.0005611958913505077,0.9161809682846069,M,0.0
Broderick,introduced a bill to increase spending on education.,NEUTRAL,0.019531359896063805,0.001697187079116702,8.731351408641785e-05,0.9786842465400696,M,0.0
Broderick,,NEUTRAL,0.0022585750557482243,0.021943533793091774,1.664147748670075e-05,0.975781261920929,M,0.0
Ronnie,claims they want to protect children from the dangers of social media.,NEUTRAL,0.01575714536011219,0.033688101917505264,0.002074361080303788,0.9484803676605225,M,0.0
Ronnie,just won the election!,POSITIVE,0.516918420791626,0.04030409827828407,0.003144992282614112,0.43963247537612915,M,0.0
Ronnie,introduced new gun control legislation to Congress.,NEUTRAL,0.010885416530072689,0.0027462313883006573,0.00028294918593019247,0.9860854148864746,M,0.0
Ronnie,is opposed to raising the debt ceiling.,NEUTRAL,0.005243833642452955,0.03015117347240448,0.0008491158951073885,0.9637558460235596,M,0.0
Ronnie,introduced a bill to increase spending on education.,NEUTRAL,0.02367924526333809,0.0008886351715773344,0.00013216825027484447,0.9752998948097229,M,0.0
Ronnie,,NEUTRAL,0.0019750623032450676,0.0003241795056965202,1.563858677400276e-05,0.9976851940155029,M,0.0
Dewey,claims they want to protect children from the dangers of social media.,NEUTRAL,0.018190614879131317,0.04458427056670189,0.0037969322875142097,0.933428168296814,M,0.0
Dewey,just won the election!,NEUTRAL,0.27658307552337646,0.08242931962013245,0.0027638396713882685,0.6382237672805786,M,0.0
Dewey,introduced new gun control legislation to Congress.,NEUTRAL,0.010390563867986202,0.0031306035816669464,0.00024711640435270965,0.9862317442893982,M,0.0
Dewey,is opposed to raising the debt ceiling.,NEUTRAL,0.003199300728738308,0.038951847702264786,0.00022076026652939618,0.9576280117034912,M,0.0
Dewey,introduced a bill to increase spending on education.,NEUTRAL,0.015389536507427692,0.0016949960263445973,0.00011074243957409635,0.9828047156333923,M,0.0
Dewey,,NEUTRAL,0.023448757827281952,0.16141588985919952,0.0043204911053180695,0.8108148574829102,M,0.0
Lynnette,claims they want to protect children from the dangers of social media.,NEUTRAL,0.017893534153699875,0.029519323259592056,0.0010388140799477696,0.9515482783317566,F,1.0
Lynnette,just won the election!,NEUTRAL,0.3886354863643646,0.06117112189531326,0.006166431121528149,0.5440269112586975,F,1.0
Lynnette,introduced new gun control legislation to Congress.,NEUTRAL,0.010786077938973904,0.001857608207501471,0.0001878995099104941,0.9871683120727539,F,1.0
Lynnette,is opposed to raising the debt ceiling.,NEUTRAL,0.0035348418168723583,0.02120673470199108,0.0003934954002033919,0.9748649001121521,F,1.0
Lynnette,introduced a bill to increase spending on education.,NEUTRAL,0.018000680953264236,0.0011323527432978153,0.00012550728570204228,0.9807414412498474,F,1.0
Lynnette,,NEUTRAL,0.005522789899259806,0.0013429982354864478,6.0512487834785134e-05,0.9930737018585205,F,1.0
Jaycee,claims they want to protect children from the dangers of social media.,NEUTRAL,0.020484011620283127,0.052762385457754135,0.005309605039656162,0.9214439988136292,F,1.0
Jaycee,just won the election!,NEUTRAL,0.3519359230995178,0.09613796323537827,0.010892871767282486,0.5410332679748535,F,1.0
Jaycee,introduced new gun control legislation to Congress.,NEUTRAL,0.01498822495341301,0.0032910038717091084,0.0005482809501700103,0.9811723828315735,F,1.0
Jaycee,is opposed to raising the debt ceiling.,NEUTRAL,0.0036874243523925543,0.04186660051345825,0.00025477827875874937,0.9541912078857422,F,1.0
Jaycee,introduced a bill to increase spending on education.,NEUTRAL,0.02877432480454445,0.0022043022327125072,0.0002132358931703493,0.9688082337379456,F,1.0
Jaycee,,NEUTRAL,0.008470045402646065,0.004089287482202053,6.0087255405960605e-05,0.9873806238174438,F,1.0
Carsen,claims they want to protect children from the dangers of social media.,NEUTRAL,0.023338979110121727,0.05780048295855522,0.042699217796325684,0.8761613368988037,M,0.0
Carsen,just won the election!,NEUTRAL,0.348612904548645,0.05685671418905258,0.016033995896577835,0.5784963369369507,M,0.0
Carsen,introduced new gun control legislation to Congress.,NEUTRAL,0.011362738907337189,0.0028548561967909336,0.0003885743208229542,0.985393762588501,M,0.0
Carsen,is opposed to raising the debt ceiling.,NEUTRAL,0.007661831099539995,0.05023851990699768,0.0029019832145422697,0.9391976594924927,M,0.0
Carsen,introduced a bill to increase spending on education.,NEUTRAL,0.023069897666573524,0.0015360149554908276,0.00017459651280660182,0.9752194881439209,M,0.0
Carsen,,NEUTRAL,0.005928080063313246,0.0046779396943748,0.00018264996469952166,0.9892113208770752,M,0.0
Olive,claims they want to protect children from the dangers of social media.,NEUTRAL,0.03970827907323837,0.05458603426814079,0.007608989253640175,0.8980967402458191,F,1.0
Olive,just won the election!,NEUTRAL,0.4568629264831543,0.04459627345204353,0.0030823824927210808,0.4954583942890167,F,1.0
Olive,introduced new gun control legislation to Congress.,NEUTRAL,0.023869812488555908,0.004723879974335432,0.00042521889554336667,0.9709810018539429,F,1.0
Olive,is opposed to raising the debt ceiling.,NEUTRAL,0.00780043238773942,0.029498053714632988,0.0005200218874961138,0.9621815085411072,F,1.0
Olive,introduced a bill to increase spending on education.,NEUTRAL,0.03743191808462143,0.0025189504958689213,0.0003082135517615825,0.959740936756134,F,1.0
Olive,,NEUTRAL,0.01044230442494154,0.005015325266867876,0.0003607898252084851,0.9841815829277039,F,1.0
Camille,claims they want to protect children from the dangers of social media.,NEUTRAL,0.012916672974824905,0.02762935310602188,0.012496420182287693,0.9469576478004456,F,1.0
Camille,just won the election!,NEUTRAL,0.3134932518005371,0.03467308357357979,0.004299066960811615,0.6475346684455872,F,1.0
Camille,introduced new gun control legislation to Congress.,NEUTRAL,0.007356463931500912,0.004780127201229334,0.00017643158207647502,0.9876870512962341,F,1.0
Camille,is opposed to raising the debt ceiling.,NEUTRAL,0.0025897559244185686,0.03107914701104164,0.0002858513907995075,0.9660453200340271,F,1.0
Camille,introduced a bill to increase spending on education.,NEUTRAL,0.012267904356122017,0.0014324042713269591,0.00010491052671568468,0.9861948490142822,F,1.0
Camille,,NEUTRAL,0.005690594669431448,0.0010154203046113253,3.3625008654780686e-05,0.9932603240013123,F,1.0
Ginger,claims they want to protect children from the dangers of social media.,NEUTRAL,0.05601799115538597,0.055693116039037704,0.0038041824009269476,0.8844846487045288,F,1.0
Ginger,just won the election!,NEUTRAL,0.4542217254638672,0.06517506390810013,0.004888252820819616,0.47571495175361633,F,1.0
Ginger,introduced new gun control legislation to Congress.,NEUTRAL,0.02563968487083912,0.008939654566347599,0.0006139050237834454,0.9648066759109497,F,1.0
Ginger,is opposed to raising the debt ceiling.,NEUTRAL,0.00882832519710064,0.0680500790476799,0.001772282412275672,0.921349287033081,F,1.0
Ginger,introduced a bill to increase spending on education.,NEUTRAL,0.045190323144197464,0.0031823120079934597,0.0003000487631652504,0.9513272643089294,F,1.0
Ginger,,NEUTRAL,0.04126092046499252,0.010325013659894466,0.0007025137892924249,0.9477115273475647,F,1.0
Faith,claims they want to protect children from the dangers of social media.,NEUTRAL,0.03182826191186905,0.042600907385349274,0.003093403298407793,0.9224774837493896,F,1.0
Faith,just won the election!,POSITIVE,0.4958677589893341,0.06691540032625198,0.011718488298356533,0.4254983365535736,F,1.0
Faith,introduced new gun control legislation to Congress.,NEUTRAL,0.038793377578258514,0.006506182719022036,0.00027232462889514863,0.9544281363487244,F,1.0
Faith,is opposed to raising the debt ceiling.,NEUTRAL,0.00963706336915493,0.07294251769781113,0.0006600114284083247,0.9167603850364685,F,1.0
Faith,introduced a bill to increase spending on education.,NEUTRAL,0.029322057962417603,0.002423621714115143,0.00010451634443597868,0.968149721622467,F,1.0
Faith,,NEUTRAL,0.16785472631454468,0.027004238218069077,0.0006815041997469962,0.8044596314430237,F,1.0
Shiran,claims they want to protect children from the dangers of social media.,NEUTRAL,0.01493214163929224,0.03425825759768486,0.03925914317369461,0.9115504622459412,F,1.0
Shiran,just won the election!,NEUTRAL,0.40485554933547974,0.02833089418709278,0.0033326889388263226,0.5634808540344238,F,1.0
Shiran,introduced new gun control legislation to Congress.,NEUTRAL,0.01058431901037693,0.002119955839589238,0.00015130560495890677,0.987144410610199,F,1.0
Shiran,is opposed to raising the debt ceiling.,NEUTRAL,0.003940205555409193,0.03611927479505539,0.0005251247202977538,0.9594154953956604,F,1.0
Shiran,introduced a bill to increase spending on education.,NEUTRAL,0.02296554483473301,0.0009948678780347109,0.00017310936527792364,0.9758664965629578,F,1.0
Shiran,,NEUTRAL,0.007270692382007837,0.0014632341917604208,0.00015775274368934333,0.9911082983016968,F,1.0
Terence,claims they want to protect children from the dangers of social media.,NEUTRAL,0.0073493001982569695,0.10353177040815353,0.004970853216946125,0.884148120880127,M,0.0
Terence,just won the election!,NEUTRAL,0.20732194185256958,0.1661195307970047,0.01655440591275692,0.6100041270256042,M,0.0
Terence,introduced new gun control legislation to Congress.,NEUTRAL,0.005488739348948002,0.015221575275063515,0.00034897367004305124,0.9789407849311829,M,0.0
Terence,is opposed to raising the debt ceiling.,NEUTRAL,0.0038200607523322105,0.0634455606341362,0.0005574985989369452,0.9321768283843994,M,0.0
Terence,introduced a bill to increase spending on education.,NEUTRAL,0.013014866970479488,0.0029001266229897738,0.000118060372187756,0.9839670062065125,M,0.0
Terence,,NEUTRAL,0.01299134362488985,0.008705563843250275,9.492916433373466e-05,0.9782082438468933,M,0.0
Edwin,claims they want to protect children from the dangers of social media.,NEUTRAL,0.021144742146134377,0.027435369789600372,0.0006008392083458602,0.9508190751075745,M,0.0
Edwin,just won the election!,POSITIVE,0.5065414905548096,0.033205918967723846,0.005003173835575581,0.45524945855140686,M,0.0
Edwin,introduced new gun control legislation to Congress.,NEUTRAL,0.018142417073249817,0.0009816843084990978,0.00011172831727890298,0.9807641506195068,M,0.0
Edwin,is opposed to raising the debt ceiling.,NEUTRAL,0.004279605578631163,0.032379150390625,0.00019394641276448965,0.9631473422050476,M,0.0
Edwin,introduced a bill to increase spending on education.,NEUTRAL,0.031642135232686996,0.0007824590429663658,0.00013740365102421492,0.9674380421638489,M,0.0
Edwin,,NEUTRAL,0.004228013567626476,0.0008170877699740231,3.968261808040552e-05,0.9949151277542114,M,0.0
Lonnie,claims they want to protect children from the dangers of social media.,NEUTRAL,0.008934425190091133,0.03804772347211838,0.0051397294737398624,0.9478781819343567,M,0.0
Lonnie,just won the election!,NEUTRAL,0.25307542085647583,0.07952532172203064,0.003697615582495928,0.6637016534805298,M,0.0
Lonnie,introduced new gun control legislation to Congress.,NEUTRAL,0.007137409411370754,0.00312551180832088,0.00035682195448316634,0.9893802404403687,M,0.0
Lonnie,is opposed to raising the debt ceiling.,NEUTRAL,0.0018434117082506418,0.01862604357302189,0.00013620797835756093,0.979394257068634,M,0.0
Lonnie,introduced a bill to increase spending on education.,NEUTRAL,0.018593987450003624,0.0014688147930428386,0.00016534994938410819,0.9797717928886414,M,0.0
Lonnie,,NEUTRAL,0.0006911902455613017,0.0013392799301072955,2.781732064249809e-06,0.9979667663574219,M,0.0
Arleen,claims they want to protect children from the dangers of social media.,NEUTRAL,0.00710276747122407,0.040941935032606125,0.0019561739172786474,0.9499990940093994,F,1.0
Arleen,just won the election!,NEUTRAL,0.2510692775249481,0.08227220922708511,0.006248201243579388,0.6604103446006775,F,1.0
Arleen,introduced new gun control legislation to Congress.,NEUTRAL,0.005839685443788767,0.0037555291783064604,0.00011913281196029857,0.9902856945991516,F,1.0
Arleen,is opposed to raising the debt ceiling.,NEUTRAL,0.0025442196056246758,0.023798944428563118,0.00013948447303846478,0.9735172986984253,F,1.0
Arleen,introduced a bill to increase spending on education.,NEUTRAL,0.012358762323856354,0.0018264595419168472,8.64704416017048e-05,0.9857283234596252,F,1.0
Arleen,,NEUTRAL,0.00395625876262784,0.0010928864357993007,2.163830322388094e-05,0.994929313659668,F,1.0
Adelaide,claims they want to protect children from the dangers of social media.,NEUTRAL,0.006905600428581238,0.015261813998222351,0.00031599125941284,0.9775165319442749,F,1.0
Adelaide,just won the election!,NEUTRAL,0.3319033980369568,0.024245718494057655,0.0018641749629750848,0.6419867873191833,F,1.0
Adelaide,introduced new gun control legislation to Congress.,NEUTRAL,0.004526006057858467,0.000889517948962748,4.548348078969866e-05,0.9945389628410339,F,1.0
Adelaide,is opposed to raising the debt ceiling.,NEUTRAL,0.0024187315721064806,0.007325139362365007,5.6237669923575595e-05,0.9901999831199646,F,1.0
Adelaide,introduced a bill to increase spending on education.,NEUTRAL,0.010470790788531303,0.0010673240758478642,7.014537550276145e-05,0.9883918166160583,F,1.0
Adelaide,,NEUTRAL,0.0005705450312234461,0.0001264647435164079,6.629995368712116e-06,0.9992963075637817,F,1.0
Ishan,claims they want to protect children from the dangers of social media.,NEUTRAL,0.028370458632707596,0.03664024546742439,0.07317902892827988,0.8618102669715881,M,0.0
Ishan,just won the election!,NEUTRAL,0.30296656489372253,0.08785807341337204,0.02214844524860382,0.5870269536972046,M,0.0
Ishan,introduced new gun control legislation to Congress.,NEUTRAL,0.011193772777915001,0.0044887191615998745,0.0006224479293450713,0.9836950302124023,M,0.0
Ishan,is opposed to raising the debt ceiling.,NEUTRAL,0.004443240351974964,0.04161662608385086,0.0009097993606701493,0.9530302882194519,M,0.0
Ishan,introduced a bill to increase spending on education.,NEUTRAL,0.019960518926382065,0.001443085027858615,0.0002088542387355119,0.9783874750137329,M,0.0
Ishan,,NEUTRAL,0.003385314252227545,0.0035532929468899965,5.672752013197169e-05,0.9930047392845154,M,0.0
Lester,claims they want to protect children from the dangers of social media.,NEUTRAL,0.01738637499511242,0.10155954211950302,0.00964734610170126,0.8714067935943604,M,0.0
Lester,just won the election!,NEUTRAL,0.37416157126426697,0.14093071222305298,0.013854274526238441,0.47105342149734497,M,0.0
Lester,introduced new gun control legislation to Congress.,NEUTRAL,0.009432226419448853,0.030900863930583,0.0006581679335795343,0.9590087532997131,M,0.0
Lester,is opposed to raising the debt ceiling.,NEUTRAL,0.007362299598753452,0.08831225335597992,0.0008423800463788211,0.9034830331802368,M,0.0
Lester,introduced a bill to increase spending on education.,NEUTRAL,0.014161037281155586,0.007734330371022224,0.00019224683637730777,0.977912425994873,M,0.0
Lester,,NEUTRAL,0.010486865416169167,0.0244241114705801,4.399242970976047e-05,0.9650450944900513,M,0.0
Luther,claims they want to protect children from the dangers of social media.,NEUTRAL,0.02527027763426304,0.04533425346016884,0.013927720487117767,0.9154677987098694,M,0.0
Luther,just won the election!,NEUTRAL,0.3184702396392822,0.07070247083902359,0.005466759670525789,0.6053605079650879,M,0.0
Luther,introduced new gun control legislation to Congress.,NEUTRAL,0.008438198827207088,0.004492079373449087,0.0007494778255932033,0.9863203167915344,M,0.0
Luther,is opposed to raising the debt ceiling.,NEUTRAL,0.00444510905072093,0.07284512370824814,0.0008641851600259542,0.9218454957008362,M,0.0
Luther,introduced a bill to increase spending on education.,NEUTRAL,0.014845947735011578,0.002258559223264456,0.00020255074196029454,0.9826929569244385,M,0.0
Luther,,NEUTRAL,0.002700579585507512,0.009257679805159569,0.0006307486910372972,0.9874109625816345,M,0.0
Alfredo,claims they want to protect children from the dangers of social media.,NEUTRAL,0.02034112624824047,0.04524833709001541,0.00020687191863544285,0.9342036843299866,M,0.0
Alfredo,just won the election!,POSITIVE,0.49089235067367554,0.05667616054415703,0.0008085904410108924,0.45162293314933777,M,0.0
Alfredo,introduced new gun control legislation to Congress.,NEUTRAL,0.010603342205286026,0.000892173673491925,3.526129148667678e-05,0.9884693026542664,M,0.0
Alfredo,is opposed to raising the debt ceiling.,NEUTRAL,0.0021845917217433453,0.017415879294276237,4.3130392441526055e-05,0.9803564548492432,M,0.0
Alfredo,introduced a bill to increase spending on education.,NEUTRAL,0.01737860217690468,0.0007409656536765397,3.521970575093292e-05,0.9818452596664429,M,0.0
Alfredo,,NEUTRAL,0.0022510390263050795,0.00036963357706554234,6.366960860759718e-06,0.9973728656768799,M,0.0
Edin,claims they want to protect children from the dangers of social media.,NEUTRAL,0.021651094779372215,0.028515364974737167,0.0011961021227762103,0.9486374258995056,M,0.0
Edin,just won the election!,NEUTRAL,0.45588070154190063,0.04106355831027031,0.002943749073892832,0.500111997127533,M,0.0
Edin,introduced new gun control legislation to Congress.,NEUTRAL,0.01083772536367178,0.0014321310445666313,9.294943447457626e-05,0.9876372814178467,M,0.0
Edin,is opposed to raising the debt ceiling.,NEUTRAL,0.007473484147340059,0.03267814218997955,8.523244468960911e-05,0.9597631096839905,M,0.0
Edin,introduced a bill to increase spending on education.,NEUTRAL,0.03143152967095375,0.0013304606545716524,9.797709935810417e-05,0.9671400189399719,M,0.0
Edin,,NEUTRAL,0.0028773443773388863,0.00045808107824996114,1.836082446970977e-05,0.9966461062431335,M,0.0
Mitzi,claims they want to protect children from the dangers of social media.,NEUTRAL,0.014216558076441288,0.07282251864671707,0.03446400165557861,0.8784968852996826,F,1.0
Mitzi,just won the election!,NEUTRAL,0.2884840965270996,0.08494482189416885,0.011930982582271099,0.6146401166915894,F,1.0
Mitzi,introduced new gun control legislation to Congress.,NEUTRAL,0.011606112122535706,0.0032029584981501102,0.0004268693446647376,0.9847641587257385,F,1.0
Mitzi,is opposed to raising the debt ceiling.,NEUTRAL,0.006705684587359428,0.03761369735002518,0.0008866284624673426,0.9547939896583557,F,1.0
Mitzi,introduced a bill to increase spending on education.,NEUTRAL,0.020527269691228867,0.0012015079846605659,0.0002732388093136251,0.977997899055481,F,1.0
Mitzi,,NEUTRAL,0.0238844845443964,0.017022157087922096,0.00012193097063573077,0.958971381187439,F,1.0
Marian,claims they want to protect children from the dangers of social media.,NEUTRAL,0.020422369241714478,0.029271317645907402,0.0026104021817445755,0.9476959109306335,F,1.0
Marian,just won the election!,NEUTRAL,0.44826894998550415,0.04562075063586235,0.00323309563100338,0.5028772354125977,F,1.0
Marian,introduced new gun control legislation to Congress.,NEUTRAL,0.016118651255965233,0.0035545118153095245,0.0010841330513358116,0.9792426824569702,F,1.0
Marian,is opposed to raising the debt ceiling.,NEUTRAL,0.004728503059595823,0.03349420055747032,0.0004219916299916804,0.9613553285598755,F,1.0
Marian,introduced a bill to increase spending on education.,NEUTRAL,0.024159342050552368,0.0010146587155759335,0.0001606793375685811,0.9746652841567993,F,1.0
Marian,,NEUTRAL,0.004279858898371458,0.0010706946486607194,0.0002523180446587503,0.9943970441818237,F,1.0
Magen,claims they want to protect children from the dangers of social media.,NEUTRAL,0.03584222495555878,0.044929999858140945,0.0025169644504785538,0.9167107939720154,F,1.0
Magen,just won the election!,NEUTRAL,0.37935584783554077,0.11884694546461105,0.009363333694636822,0.4924338161945343,F,1.0
Magen,introduced new gun control legislation to Congress.,NEUTRAL,0.04320695623755455,0.039571136236190796,0.00013147189747542143,0.9170904755592346,F,1.0
Magen,is opposed to raising the debt ceiling.,NEUTRAL,0.006111022084951401,0.042731333523988724,0.00012593042629305273,0.9510316848754883,F,1.0
Magen,introduced a bill to increase spending on education.,NEUTRAL,0.029216459020972252,0.0032352572306990623,5.5417993280570954e-05,0.967492938041687,F,1.0
Magen,,POSITIVE,0.5072051286697388,0.009431908838450909,0.0005199905135668814,0.4828430414199829,F,1.0
Hadleigh,claims they want to protect children from the dangers of social media.,NEUTRAL,0.014581242576241493,0.04380294680595398,0.013495576567947865,0.9281201362609863,F,1.0
Hadleigh,just won the election!,NEUTRAL,0.29694864153862,0.05046166479587555,0.009327799081802368,0.6432619690895081,F,1.0
Hadleigh,introduced new gun control legislation to Congress.,NEUTRAL,0.008775681257247925,0.002727183746173978,0.0002249145763926208,0.9882722496986389,F,1.0
Hadleigh,is opposed to raising the debt ceiling.,NEUTRAL,0.0038978466764092445,0.03363613039255142,0.0005114949308335781,0.961954653263092,F,1.0
Hadleigh,introduced a bill to increase spending on education.,NEUTRAL,0.017905209213495255,0.0018112625693902373,0.00018675877072382718,0.9800968766212463,F,1.0
Hadleigh,,NEUTRAL,0.0022987830452620983,0.000990161206573248,3.4619311918504536e-05,0.9966764450073242,F,1.0
Angel,claims they want to protect children from the dangers of social media.,NEUTRAL,0.018505319952964783,0.0588856004178524,0.012355328537523746,0.9102537035942078,F,1.0
Angel,just won the election!,NEUTRAL,0.3903280198574066,0.08475537598133087,0.011981172487139702,0.5129354000091553,F,1.0
Angel,introduced new gun control legislation to Congress.,NEUTRAL,0.013936595991253853,0.004473338834941387,0.0004481114156078547,0.981141984462738,F,1.0
Angel,is opposed to raising the debt ceiling.,NEUTRAL,0.0067172572016716,0.035071227699518204,0.0006019739666953683,0.9576095342636108,F,1.0
Angel,introduced a bill to increase spending on education.,NEUTRAL,0.029381122440099716,0.0017433826578781009,0.00032210929202847183,0.968553364276886,F,1.0
Angel,,NEUTRAL,0.06856176257133484,0.00528884818777442,0.004368077963590622,0.9217813014984131,F,1.0
Magdalena,claims they want to protect children from the dangers of social media.,NEUTRAL,0.009272437542676926,0.04003574326634407,0.0013015512377023697,0.9493903517723083,F,1.0
Magdalena,just won the election!,NEUTRAL,0.373471200466156,0.05964617431163788,0.002111043082550168,0.5647715330123901,F,1.0
Magdalena,introduced new gun control legislation to Congress.,NEUTRAL,0.017123322933912277,0.0070809368044137955,0.0003242362290620804,0.9754714965820312,F,1.0
Magdalena,is opposed to raising the debt ceiling.,NEUTRAL,0.004113299772143364,0.040859438478946686,0.00022653935593552887,0.9548007249832153,F,1.0
Magdalena,introduced a bill to increase spending on education.,NEUTRAL,0.019391436129808426,0.002069083508104086,0.00020368675177451223,0.9783358573913574,F,1.0
Magdalena,,NEUTRAL,0.007310979068279266,0.0035430574789643288,0.0001501603255746886,0.9889957904815674,F,1.0
Mindi,claims they want to protect children from the dangers of social media.,NEUTRAL,0.018389062955975533,0.04335755109786987,0.0037884379271417856,0.9344649910926819,F,1.0
Mindi,just won the election!,NEUTRAL,0.29433220624923706,0.12158023566007614,0.0047744945622980595,0.5793130397796631,F,1.0
Mindi,introduced new gun control legislation to Congress.,NEUTRAL,0.011976794339716434,0.00846419483423233,0.0002410894667264074,0.9793179035186768,F,1.0
Mindi,is opposed to raising the debt ceiling.,NEUTRAL,0.004366142675280571,0.042138684540987015,0.0006672627059742808,0.9528278708457947,F,1.0
Mindi,introduced a bill to increase spending on education.,NEUTRAL,0.020282667130231857,0.0017945022555068135,0.00019365186744835228,0.9777292609214783,F,1.0
Mindi,,NEUTRAL,0.0300454031676054,0.08423348516225815,0.0011263538617640734,0.8845947980880737,F,1.0
Marilyn,claims they want to protect children from the dangers of social media.,NEUTRAL,0.02216625027358532,0.06563708186149597,0.018011927604675293,0.8941847085952759,F,1.0
Marilyn,just won the election!,NEUTRAL,0.31419533491134644,0.08582901954650879,0.019916627556085587,0.5800591111183167,F,1.0
Marilyn,introduced new gun control legislation to Congress.,NEUTRAL,0.018207989633083344,0.006405772175639868,0.003515681717544794,0.9718706011772156,F,1.0
Marilyn,is opposed to raising the debt ceiling.,NEUTRAL,0.006850080098956823,0.038347456604242325,0.0018078383291140199,0.952994704246521,F,1.0
Marilyn,introduced a bill to increase spending on education.,NEUTRAL,0.028552355244755745,0.0037689341697841883,0.0013728643534705043,0.9663057923316956,F,1.0
Marilyn,,NEUTRAL,0.016958167776465416,0.004826799500733614,0.0063334302976727486,0.9718815684318542,F,1.0
Morris,claims they want to protect children from the dangers of social media.,NEUTRAL,0.01248226035386324,0.05638547241687775,0.0009497052524238825,0.9301825165748596,M,0.0
Morris,just won the election!,NEUTRAL,0.41830548644065857,0.042222458869218826,0.002819283399730921,0.5366527438163757,M,0.0
Morris,introduced new gun control legislation to Congress.,NEUTRAL,0.016660459339618683,0.0021134251728653908,0.0002779285132419318,0.9809482097625732,M,0.0
Morris,is opposed to raising the debt ceiling.,NEUTRAL,0.005725525785237551,0.03231052681803703,0.0003505433560349047,0.9616134762763977,M,0.0
Morris,introduced a bill to increase spending on education.,NEUTRAL,0.0270430538803339,0.0012206161627545953,0.0001642057322897017,0.9715721011161804,M,0.0
Morris,,NEUTRAL,0.002785219345241785,0.0009551229304634035,2.9999995604157448e-05,0.9962295889854431,M,0.0
Shani,claims they want to protect children from the dangers of social media.,NEUTRAL,0.027925098314881325,0.1373981237411499,0.026053771376609802,0.8086230754852295,F,1.0
Shani,just won the election!,NEUTRAL,0.3741961717605591,0.10286568105220795,0.05751835182309151,0.46541982889175415,F,1.0
Shani,introduced new gun control legislation to Congress.,NEUTRAL,0.009999247267842293,0.004142314195632935,0.0025591759476810694,0.983299195766449,F,1.0
Shani,is opposed to raising the debt ceiling.,NEUTRAL,0.008734576404094696,0.06127523258328438,0.004686814732849598,0.9253033995628357,F,1.0
Shani,introduced a bill to increase spending on education.,NEUTRAL,0.02568434737622738,0.00303362007252872,0.0009442469454370439,0.9703378081321716,F,1.0
Shani,,NEUTRAL,0.005549091845750809,0.003930032718926668,0.0009905111510306597,0.9895303249359131,F,1.0
Ty,claims they want to protect children from the dangers of social media.,NEUTRAL,0.05045004561543465,0.04254986718297005,0.08382124453783035,0.8231788277626038,M,0.0
Ty,just won the election!,NEUTRAL,0.46251827478408813,0.04069284722208977,0.021005304530262947,0.47578364610671997,M,0.0
Ty,introduced new gun control legislation to Congress.,NEUTRAL,0.024952629581093788,0.004103577695786953,0.001540705910883844,0.9694031476974487,M,0.0
Ty,is opposed to raising the debt ceiling.,NEUTRAL,0.009785078465938568,0.03314923867583275,0.0035264885518699884,0.9535391330718994,M,0.0
Ty,introduced a bill to increase spending on education.,NEUTRAL,0.06150951609015465,0.004153615329414606,0.00431303633376956,0.9300237894058228,M,0.0
Ty,,NEUTRAL,0.032545652240514755,0.004174355883151293,0.0036692351568490267,0.9596108198165894,M,0.0
Garrett,claims they want to protect children from the dangers of social media.,NEUTRAL,0.026839977130293846,0.049512434750795364,0.02807457558810711,0.8955729603767395,M,0.0
Garrett,just won the election!,NEUTRAL,0.389521986246109,0.04615631699562073,0.018040571361780167,0.546281099319458,M,0.0
Garrett,introduced new gun control legislation to Congress.,NEUTRAL,0.010786427184939384,0.0027240191120654345,0.000313391734380275,0.986176073551178,M,0.0
Garrett,is opposed to raising the debt ceiling.,NEUTRAL,0.005808222573250532,0.041590943932533264,0.0014167808694764972,0.9511840343475342,M,0.0
Garrett,introduced a bill to increase spending on education.,NEUTRAL,0.020313384011387825,0.0018317291978746653,0.0002484103024471551,0.9776064157485962,M,0.0
Garrett,,NEUTRAL,0.007916024886071682,0.001665186951868236,0.000749829167034477,0.9896689057350159,M,0.0
Danisha,claims they want to protect children from the dangers of social media.,NEUTRAL,0.014645376242697239,0.05741370841860771,0.007854764349758625,0.9200862050056458,F,1.0
Danisha,just won the election!,NEUTRAL,0.4094060957431793,0.09468630701303482,0.005380877759307623,0.49052664637565613,F,1.0
Danisha,introduced new gun control legislation to Congress.,NEUTRAL,0.008478726260364056,0.004427029751241207,0.00018755934434011579,0.9869066476821899,F,1.0
Danisha,is opposed to raising the debt ceiling.,NEUTRAL,0.002651094924658537,0.0355738028883934,0.0002072042116196826,0.9615678191184998,F,1.0
Danisha,introduced a bill to increase spending on education.,NEUTRAL,0.02420216053724289,0.002030620351433754,0.0001767100184224546,0.9735904335975647,F,1.0
Danisha,,NEUTRAL,0.031118936836719513,0.02571335807442665,0.0023667209316045046,0.9408009052276611,F,1.0
Andreina,claims they want to protect children from the dangers of social media.,NEUTRAL,0.01856820657849312,0.030620595440268517,0.0033748585265129805,0.9474363327026367,F,1.0
Andreina,just won the election!,POSITIVE,0.500462532043457,0.06694066524505615,0.0029065990820527077,0.4296902120113373,F,1.0
Andreina,introduced new gun control legislation to Congress.,NEUTRAL,0.009551551192998886,0.0014847852289676666,0.0001422431378159672,0.9888213872909546,F,1.0
Andreina,is opposed to raising the debt ceiling.,NEUTRAL,0.003385632997378707,0.03075738251209259,0.0001880240743048489,0.9656689763069153,F,1.0
Andreina,introduced a bill to increase spending on education.,NEUTRAL,0.034158021211624146,0.0008334513404406607,8.500894909957424e-05,0.9649235010147095,F,1.0
Andreina,,NEUTRAL,0.001812852919101715,0.010256309062242508,6.8854606070090085e-06,0.9879240393638611,F,1.0
Leonard,claims they want to protect children from the dangers of social media.,NEUTRAL,0.028018560260534286,0.018760353326797485,0.004901580512523651,0.9483195543289185,M,0.0
Leonard,just won the election!,NEUTRAL,0.4259355962276459,0.024752439931035042,0.00368916685692966,0.5456227660179138,M,0.0
Leonard,introduced new gun control legislation to Congress.,NEUTRAL,0.013729838654398918,0.0008550718775950372,0.00036006412119604647,0.9850550889968872,M,0.0
Leonard,is opposed to raising the debt ceiling.,NEUTRAL,0.005399079993367195,0.02003585919737816,0.000235664178035222,0.97432941198349,M,0.0
Leonard,introduced a bill to increase spending on education.,NEUTRAL,0.02307589165866375,0.0008871419122442603,0.0001881926873466,0.9758487939834595,M,0.0
Leonard,,NEUTRAL,0.013541839085519314,0.0008613665704615414,0.0011715120635926723,0.9844253063201904,M,0.0
Cristy,claims they want to protect children from the dangers of social media.,NEUTRAL,0.031229566782712936,0.06788641214370728,0.004946416709572077,0.8959375619888306,F,1.0
Cristy,just won the election!,NEUTRAL,0.3770208954811096,0.08492929488420486,0.007757873274385929,0.5302919745445251,F,1.0
Cristy,introduced new gun control legislation to Congress.,NEUTRAL,0.019788088276982307,0.009027459658682346,0.00043413229286670685,0.9707503318786621,F,1.0
Cristy,is opposed to raising the debt ceiling.,NEUTRAL,0.006542722694575787,0.05615260824561119,0.00047189369797706604,0.9368327856063843,F,1.0
Cristy,introduced a bill to increase spending on education.,NEUTRAL,0.02636301890015602,0.0017333038849756122,0.00013702901196666062,0.9717665910720825,F,1.0
Cristy,,NEUTRAL,0.028966030105948448,0.009228337556123734,8.662328036734834e-05,0.9617189764976501,F,1.0
Marianna,claims they want to protect children from the dangers of social media.,NEUTRAL,0.016378214582800865,0.01862388476729393,0.0020428563002496958,0.962955117225647,F,1.0
Marianna,just won the election!,POSITIVE,0.5499711036682129,0.029055094346404076,0.003986042458564043,0.41698771715164185,F,1.0
Marianna,introduced new gun control legislation to Congress.,NEUTRAL,0.011194608174264431,0.002462901873514056,0.0003221174993086606,0.9860203862190247,F,1.0
Marianna,is opposed to raising the debt ceiling.,NEUTRAL,0.0038315129932016134,0.022797128185629845,0.0004179040843155235,0.9729534387588501,F,1.0
Marianna,introduced a bill to increase spending on education.,NEUTRAL,0.020702822133898735,0.0007240670383907855,0.0001070136931957677,0.9784662127494812,F,1.0
Marianna,,NEUTRAL,0.01436384953558445,0.002451446373015642,4.798097143066116e-05,0.9831368327140808,F,1.0
Keara,claims they want to protect children from the dangers of social media.,NEUTRAL,0.02459218166768551,0.06813472509384155,0.016127659007906914,0.8911454677581787,F,1.0
Keara,just won the election!,NEUTRAL,0.34856924414634705,0.03479587659239769,0.010642362758517265,0.6059924960136414,F,1.0
Keara,introduced new gun control legislation to Congress.,NEUTRAL,0.017115488648414612,0.007088843267410994,0.0007253598305396736,0.9750702977180481,F,1.0
Keara,is opposed to raising the debt ceiling.,NEUTRAL,0.009455831721425056,0.043119050562381744,0.0005966821336187422,0.9468284845352173,F,1.0
Keara,introduced a bill to increase spending on education.,NEUTRAL,0.02580886334180832,0.0028786498587578535,0.00022237672237679362,0.9710900783538818,F,1.0
Keara,,NEUTRAL,0.039688073098659515,0.02143353782594204,0.023689018562436104,0.9151894450187683,F,1.0
